0,1,2,3,4,5,6,7,8,9,10,11,12,13,14
1965,12.596742690058477,96.79230409356725,9.572,29.778,176.044,19.934,97.241,31.258,1,0,0,0,0,0
1966,11.765,1.126,10.698,32.452,22.341,6.983,116.002,38.241,1,0,0,0,0,0
1967,-1.161,-0.124,10.574,31.269,-16.316,-6.24,94.634,32.001,1,0,0,0,0,0
1968,1.355,0.143,10.717,30.887,39.987,12.796,129.108,44.798,1,0,0,0,0,0
1969,16.824,1.803,12.52,35.162,-16.113,-7.218,105.54,37.58,1,0,0,0,0,0
1970,24.188,3.028,15.549,42.546,-19.969,-7.504,82.297,30.076,1,0,0,0,0,0
1971,18.373,2.857,18.405,49.069,23.1,6.947,98.705,37.023,1,0,0,0,0,0
1972,34.041,6.265,24.671,64.091,75.931,28.112,169.212,65.135,1,0,0,0,0,0
1973,60.319,14.881,39.552,100.077,50.952,33.187,248.783,98.322,1,0,0,0,0,0
1974,12.557,4.967,44.518,109.633,4.356,4.283,252.679,102.605,1,0,0,0,0,0
1975,20.486,9.12,53.638,128.458,12.403,12.726,276.205,115.331,1,0,0,0,0,0
1976,13.69,7.343,60.981,141.958,19.033,21.951,319.578,137.282,1,0,0,0,0,0
1977,11.893,7.253,68.234,154.48,1.963,2.695,316.904,139.977,1,0,0,0,0,0
1978,42.7,29.136,97.37,214.253,33.372,46.713,410.793,186.69,1,0,0,0,0,0
1979,52.863,51.473,148.843,318.056,51.765,96.64,605.437,283.33,1,0,0,0,0,0
1980,25.578,38.071,186.914,388.156,-12.362,-35.027,515.641,248.303,1,0,0,0,0,0
1981,22.244,41.577,228.491,460.988,6.623,16.445,534.137,264.748,1,0,0,0,0,0
1982,7.984,18.242,246.734,483.279,22.801,60.365,636.801,325.113,1,0,0,0,0,0
1983,9.947,24.542,271.275,516.385,34.402,111.844,831.767,436.957,1,0,0,0,0,0
1984,-4.192,-11.373,259.903,481.138,4.965,21.694,849.065,458.651,1,0,0,0,0,0
1985,7.287,18.94,278.843,501.829,10.253,47.027,910.061,505.678,1,0,0,0,0,0
1986,12.347,34.428,313.271,548.015,4.838,24.465,927.396,530.143,1,0,0,0,0,0
1987,3.228,10.113,323.384,549.899,9.212,48.835,984.523,578.978,1,0,0,0,0,0
1988,10.842,35.06,358.445,592.949,6.659,38.554,1021.539,617.532,1,0,0,0,0,0
1989,3.634,13.027,371.471,598.02,9.696,59.876,1090.539,677.408,1,0,0,0,0,0
1990,7.315,27.174,398.645,624.682,6.522,44.183,1130.74,721.591,1,0,0,0,0,0
1991,0.75,2.99,401.636,613.146,7.187,51.861,1180.769,773.452,1,0,0,0,0,0
1992,4.889,19.635,421.27,626.954,4.503,34.831,1202.924,808.283,1,0,0,0,0,0
1993,-2.048,-8.626,412.644,598.781,3.108,25.124,1209.343,833.407,1,0,0,0,0,0
1994,4.649,19.184,431.828,611.231,-5.251,-43.76,1117.706,789.646,1,0,0,0,0,0
1995,6.812,29.416,461.243,636.785,10.519,83.059,1204.841,872.705,1,0,0,0,0,0
1996,4.975,22.948,484.192,651.877,6.946,60.62,1256.555,933.325,1,0,0,0,0,0
1997,-2.007,-9.716,474.476,623.305,11.602,108.286,1368.336,1041.611,1,0,0,0,0,0
1998,5.24,24.861,499.337,640.251,6.5,67.705,1422.368,1109.316,1,0,0,0,0,0
1999,0.938,4.683,504.02,630.734,9.682,107.409,1522.621,1216.726,1,0,0,0,0,0
2000,10.476,52.803,556.822,679.92,11.037,134.287,1649.684,1351.012,1,0,0,0,0,0
2001,13.975,77.814,634.636,756.001,2.768,37.401,1653.928,1388.413,1,0,0,0,0,0
2002,5.673,36.0,670.636,779.255,4.387,60.906,1684.057,1449.319,1,0,0,0,0,0
2003,6.099,40.9,711.536,806.411,7.373,106.862,1763.679,1556.181,1,0,0,0,0,0
2004,10.058,71.57,783.106,865.519,5.112,79.552,1807.876,1635.733,1,0,0,0,0,0
2005,3.182,24.922,808.028,870.815,3.965,64.858,1832.735,1700.592,1,0,0,0,0,0
2006,4.421,35.72,843.748,886.531,8.282,140.85,1934.815,1841.442,1,0,0,0,0,0
2007,6.716,56.667,900.415,922.12,6.263,115.325,2003.936,1956.767,1,0,0,0,0,0
2008,3.897,35.088,935.503,933.653,3.667,71.755,2024.51,2028.522,1,0,0,0,0,0
2009,0.613,5.736,941.238,915.423,-5.696,-115.547,1860.508,1912.975,1,0,0,0,0,0
2010,4.269,40.181,981.42,930.05,5.316,101.687,1909.21,2014.662,1,0,0,0,0,0
2011,8.169,80.174,1061.593,980.527,-0.453,-9.132,1852.382,2005.53,1,0,0,0,0,0
2012,8.114,86.142,1147.735,1033.253,3.053,61.228,1860.607,2066.758,1,0,0,0,0,0
2013,1.994,22.884,1170.619,1026.696,-3.692,-76.296,1745.742,1990.462,1,0,0,0,0,0
2014,2.801,32.791,1203.41,1028.292,0.283,5.636,1705.631,1996.098,1,0,0,0,0,0
2015,10.244,123.277,1326.687,1104.553,4.246,84.76,1732.449,2080.859,1,0,0,0,0,0
2016,3.377,44.801,1371.489,1113.12,1.825,37.971,1719.674,2118.83,1,0,0,0,0,0
2017,5.729,78.571,1450.059,1147.804,8.334,176.589,1816.954,2295.419,1,0,0,0,0,0
2018,6.511,94.413,1544.472,1192.398,5.334,122.436,1866.687,2417.855,1,0,0,0,0,0
2019,0.457,7.062,1551.534,1168.586,0.517,12.511,1830.507,2430.366,1,0,0,0,0,0
2020,-0.941,-14.605,1536.929,1129.532,-4.777,-116.11,1700.812,2314.256,1,0,0,0,0,0
2021,9.615,147.776,1684.705,1208.82,11.908,275.572,1858.271,2589.828,1,0,0,0,0,0
2022,-3.542,-59.667,1625.038,1138.99,-3.87,-100.236,1744.956,2489.593,1,0,0,0,0,0
1965,12.596742690058477,96.79230409356725,94.075,49.472,9.849,14.625,85.774,163.107,0,1,0,0,0,0
1966,15.362,14.452,108.526,55.711,7.456,12.162,89.972,175.269,0,1,0,0,0,0
1967,16.296,17.685,126.212,63.288,12.043,21.108,98.473,196.377,0,1,0,0,0,0
1968,17.778,22.438,148.649,72.769,35.611,69.932,130.367,266.309,0,1,0,0,0,0
1969,23.432,34.831,183.48,87.636,19.389,51.635,151.86,317.944,0,1,0,0,0,0
1970,18.999,34.859,218.34,101.794,-25.425,-80.837,110.544,237.107,0,1,0,0,0,0
1971,14.051,30.678,249.018,113.426,33.334,79.038,144.002,316.145,0,1,0,0,0,0
1972,11.162,27.796,276.814,123.271,17.599,55.637,165.562,371.782,0,1,0,0,0,0
1973,22.233,61.543,338.357,147.33,18.562,69.011,191.933,440.793,0,1,0,0,0,0
1974,18.368,62.151,400.508,170.651,14.098,62.145,214.295,502.938,0,1,0,0,0,0
1975,14.644,58.65,459.158,191.685,11.277,56.717,233.64,559.655,0,1,0,0,0,0
1976,11.341,52.073,511.231,209.291,9.801,54.851,251.57,614.506,0,1,0,0,0,0
1977,21.262,108.698,619.93,248.98,18.963,116.53,293.604,731.037,0,1,0,0,0,0
1978,18.382,113.958,733.887,289.298,10.65,77.859,318.867,808.896,0,1,0,0,0,0
1979,21.869,160.493,894.38,346.0,16.773,135.674,365.416,944.57,0,1,0,0,0,0
1980,4.236,37.886,932.266,353.756,0.528,4.984,360.317,949.555,0,1,0,0,0,0
1981,2.684,25.025,957.291,356.163,2.39,22.692,361.727,972.247,0,1,0,0,0,0
1982,6.807,65.16,1022.452,372.805,7.738,75.233,381.93,1047.479,0,1,0,0,0,0
1983,7.618,77.889,1100.34,393.276,8.603,90.118,406.592,1137.598,0,1,0,0,0,0
1984,22.962,252.66,1353.001,474.21,22.523,256.222,488.516,1393.819,0,1,0,0,0,0
1985,59.48,804.771,2157.772,741.539,101.519,1414.997,965.277,2808.816,0,1,0,0,0,0
1986,12.499,269.702,2427.474,817.801,9.328,262.001,1034.539,3070.817,0,1,0,0,0,0
1987,6.554,159.092,2586.566,854.04,5.59,171.655,1070.609,3242.472,0,1,0,0,0,0
1988,7.369,190.614,2777.18,898.99,5.193,168.366,1104.108,3410.838,0,1,0,0,0,0
1989,8.478,235.449,3012.63,956.481,4.613,157.35,1132.865,3568.187,0,1,0,0,0,0
1990,3.975,119.744,3132.374,975.646,1.094,39.049,1123.552,3607.237,0,1,0,0,0,0
1991,5.871,183.888,3316.262,1014.441,4.085,147.342,1148.521,3754.579,0,1,0,0,0,0
1992,6.426,213.118,3529.38,1061.667,-2.931,-110.063,1096.3,3644.516,0,1,0,0,0,0
1993,-0.444,-15.654,3513.726,1040.107,2.585,94.208,1106.709,3738.724,0,1,0,0,0,0
1994,8.062,283.271,3796.997,1106.618,0.885,33.094,1099.28,3771.818,0,1,0,0,0,0
1995,6.241,236.961,4033.958,1158.08,6.264,236.267,1150.652,4008.085,0,1,0,0,0,0
1996,7.01,282.785,4316.743,1221.301,8.206,328.902,1227.029,4336.987,0,1,0,0,0,0
1997,5.134,221.634,4538.377,1265.865,2.756,119.531,1243.032,4456.518,0,1,0,0,0,0
1998,4.418,200.515,4738.892,1303.525,3.424,152.581,1267.823,4609.099,0,1,0,0,0,0
1999,7.938,376.163,5115.055,1387.987,8.779,404.652,1360.498,5013.751,0,1,0,0,0,0
2000,5.478,280.178,5395.233,1444.472,11.182,560.639,1492.438,5574.39,0,1,0,0,0,0
2001,6.461,348.579,5743.812,1517.433,5.238,291.976,1549.811,5866.366,0,1,0,0,0,0
2002,5.766,331.188,6074.999,1584.223,7.684,450.753,1647.362,6317.119,0,1,0,0,0,0
2003,7.053,428.451,6503.45,1674.718,6.102,385.46,1725.996,6702.579,0,1,0,0,0,0
2004,7.456,484.887,6988.337,1777.568,7.704,516.395,1836.234,7218.974,0,1,0,0,0,0
2005,7.628,533.071,7521.409,1890.12,8.067,582.38,1960.47,7801.354,0,1,0,0,0,0
2006,6.064,456.131,7977.54,1980.87,5.169,403.214,2037.242,8204.568,0,1,0,0,0,0
2007,7.873,628.035,8605.575,2111.799,7.364,604.181,2161.657,8808.749,0,1,0,0,0,0
2008,6.908,594.491,9200.066,2231.514,6.818,600.546,2282.263,9409.295,0,1,0,0,0,0
2009,2.83,260.327,9460.394,2267.951,0.498,46.901,2266.945,9456.196,0,1,0,0,0,0
2010,9.918,938.278,10398.67,2464.116,11.171,1056.377,2491.107,10512.57,0,1,0,0,0,0
2011,7.322,761.431,11160.1,2614.538,6.188,650.535,2615.243,11163.11,0,1,0,0,0,0
2012,5.185,578.622,11738.73,2719.082,3.133,349.791,2666.773,11512.9,0,1,0,0,0,0
2013,2.641,309.972,12048.7,2760.115,2.292,263.853,2697.819,11776.75,0,1,0,0,0,0
2014,4.258,513.067,12561.76,2846.861,3.786,445.895,2770.007,12222.65,0,1,0,0,0,0
2015,3.484,437.667,12999.43,2915.814,2.481,303.3,2809.61,12525.95,0,1,0,0,0,0
2016,2.77,360.037,13359.47,2966.822,1.812,226.986,2832.125,12752.93,0,1,0,0,0,0
2017,4.463,596.28,13955.75,3069.157,1.687,215.169,2851.953,12968.1,0,1,0,0,0,0
2018,5.147,718.368,14674.12,3197.809,2.924,379.142,2908.655,13347.24,0,1,0,0,0,0
2019,2.383,349.613,15023.73,3246.451,1.823,243.263,2936.749,13590.51,0,1,0,0,0,0
2020,2.13,320.062,15343.79,3290.48,-0.431,-58.622,2901.916,13531.88,0,1,0,0,0,0
2021,6.074,932.006,16275.8,3467.855,4.996,676.063,3027.262,14207.95,0,1,0,0,0,0
2022,-1.797,-292.482,15983.32,3385.303,1.164,165.359,3044.3,14373.31,0,1,0,0,0,0
1965,12.596742690058477,96.79230409356725,1595.904,2513.688,16.174,248.563,2812.15,1785.393,0,0,1,0,0,0
1966,11.951,190.731,1786.635,2792.108,12.532,223.742,3139.825,2009.134,0,0,1,0,0,0
1967,12.434,222.152,2008.786,3115.642,12.503,251.205,3505.802,2260.339,0,0,1,0,0,0
1968,13.502,271.222,2280.008,3511.795,13.194,298.229,3940.849,2558.569,0,0,1,0,0,0
1969,13.331,303.957,2583.965,3954.78,13.973,357.506,4463.076,2916.074,0,0,1,0,0,0
1970,15.336,396.271,2980.236,4535.005,0.283,8.248,4449.923,2924.323,0,0,1,0,0,0
1971,14.346,427.541,3407.776,5154.544,12.634,369.448,4982.101,3293.77,0,0,1,0,0,0
1972,11.674,397.814,3805.59,5718.843,10.542,347.246,5471.529,3641.016,0,0,1,0,0,0
1973,10.846,412.757,4218.347,6300.177,9.177,334.137,5936.963,3975.153,0,0,1,0,0,0
1974,9.204,388.257,4606.604,6839.169,10.629,422.501,6528.954,4397.654,0,0,1,0,0,0
1975,8.313,382.961,4989.565,7365.583,7.93,348.732,7006.603,4746.386,0,0,1,0,0,0
1976,9.449,471.453,5461.018,8018.993,9.025,428.354,7598.621,5174.74,0,0,1,0,0,0
1977,6.067,331.296,5792.314,8462.042,5.789,299.554,7997.443,5474.293,0,0,1,0,0,0
1978,5.482,317.52,6109.833,8882.975,5.448,298.249,8392.593,5772.542,0,0,1,0,0,0
1979,5.904,360.7,6470.533,9364.561,6.942,400.748,8934.371,6173.29,0,0,1,0,0,0
1980,1.686,109.083,6579.617,9479.119,3.801,234.643,9231.778,6407.933,0,0,1,0,0,0
1981,2.959,194.659,6774.275,9717.562,3.86,247.341,9546.858,6655.274,0,0,1,0,0,0
1982,3.899,264.13,7038.406,10056.06,3.154,209.94,9808.614,6865.215,0,0,1,0,0,0
1983,5.97,420.163,7458.569,10613.82,5.507,378.038,10307.41,7243.253,0,0,1,0,0,0
1984,7.455,556.005,8014.574,11359.83,7.212,522.414,11007.03,7765.667,0,0,1,0,0,0
1985,-4.257,-341.203,7673.371,10834.3,-10.811,-839.521,9779.263,6926.146,0,0,1,0,0,0
1986,1.854,142.269,7815.64,10990.47,4.087,283.08,10137.72,7209.226,0,0,1,0,0,0
1987,5.125,400.548,8216.188,11503.71,5.489,395.69,10647.85,7604.917,0,0,1,0,0,0
1988,3.13,257.191,8473.379,11814.34,3.604,274.117,10985.65,7879.034,0,0,1,0,0,0
1989,1.981,167.851,8641.229,12003.61,3.302,260.187,11306.27,8139.22,0,0,1,0,0,0
1990,4.914,424.67,9065.899,12551.67,3.546,288.641,11668.31,8427.861,0,0,1,0,0,0
1991,1.835,166.373,9232.272,12744.68,-0.01,-0.868,11633.03,8426.993,0,0,1,0,0,0
1992,-4.181,-385.971,8846.302,12183.81,-0.307,-25.843,11570.71,8401.15,0,0,1,0,0,0
1993,-0.047,-4.184,8842.118,12157.99,-1.626,-136.641,11363.77,8264.51,0,0,1,0,0,0
1994,-4.56,-403.236,8438.882,11593.34,-1.205,-99.565,11217.0,8164.944,0,0,1,0,0,0
1995,1.17,98.769,8537.65,11724.91,-1.106,-90.341,11089.0,8074.604,0,0,1,0,0,0
1996,6.214,530.508,9068.158,12450.55,5.548,448.007,11701.51,8522.61,0,0,1,0,0,0
1997,-4.548,-412.378,8655.78,11882.23,-3.895,-331.956,11243.73,8190.654,0,0,1,0,0,0
1998,2.457,212.705,8868.485,12175.95,2.041,167.185,11474.86,8357.839,0,0,1,0,0,0
1999,2.026,179.692,9048.178,12428.27,1.338,111.789,11633.59,8469.628,0,0,1,0,0,0
2000,2.333,211.139,9259.316,12720.29,0.002,0.183,11635.68,8469.811,0,0,1,0,0,0
2001,1.669,154.57,9413.887,12933.96,0.197,16.698,11659.81,8486.509,0,0,1,0,0,0
2002,0.58,54.611,9468.498,13007.59,2.538,215.414,11954.49,8701.923,0,0,1,0,0,0
2003,3.283,310.817,9779.315,13425.29,3.045,264.971,12309.98,8966.894,0,0,1,0,0,0
2004,2.722,266.2,10045.52,13776.43,2.593,232.537,12616.1,9199.431,0,0,1,0,0,0
2005,1.66,166.802,10212.32,13989.72,-0.314,-28.885,12562.61,9170.546,0,0,1,0,0,0
2006,1.329,135.683,10348.0,14157.64,0.883,80.983,12657.5,9251.529,0,0,1,0,0,0
2007,-0.294,-30.388,10317.61,14086.12,-1.867,-172.706,12394.86,9078.823,0,0,1,0,0,0
2008,0.192,19.833,10337.45,14077.03,2.644,240.084,12690.04,9318.907,0,0,1,0,0,0
2009,-7.245,-748.914,9588.531,13027.66,-9.887,-921.318,11409.56,8397.589,0,0,1,0,0,0
2010,7.648,733.357,10321.89,13997.56,8.187,687.522,12320.36,9085.111,0,0,1,0,0,0
2011,-3.705,-382.381,9939.508,13454.78,-0.757,-68.755,12205.14,9016.356,0,0,1,0,0,0
2012,-2.317,-230.348,9709.16,13119.36,-1.361,-122.693,12017.43,8893.663,0,0,1,0,0,0
2013,-1.641,-159.326,9549.834,12884.63,0.58,51.551,12068.87,8945.214,0,0,1,0,0,0
2014,-6.296,-601.246,8948.588,12056.99,-4.168,-372.854,11550.07,8572.359,0,0,1,0,0,0
2015,-0.559,-50.016,8898.572,11971.8,-1.394,-119.536,11372.11,8452.823,0,0,1,0,0,0
2016,4.715,419.594,9318.166,12515.73,0.465,39.271,11406.19,8492.094,0,0,1,0,0,0
2017,2.733,254.674,9572.84,12838.12,5.776,490.503,12046.54,8982.597,0,0,1,0,0,0
2018,1.806,172.927,9745.767,13053.92,2.487,223.417,12330.95,9206.014,0,0,1,0,0,0
2019,0.075,7.299,9753.065,13049.01,-0.731,-67.269,12227.08,9138.745,0,0,1,0,0,0
2020,-3.958,-386.026,9367.039,12531.78,-6.187,-565.42,11469.9,8573.325,0,0,1,0,0,0
2021,7.741,725.084,10092.12,13520.74,6.502,557.437,12232.78,9130.762,0,0,1,0,0,0
2022,-13.391,-1351.46,8740.663,11735.47,-8.141,-743.315,11261.23,8387.446,0,0,1,0,0,0
1965,12.596742690058477,96.79230409356725,4467.994,15360.79,4.054,214.321,18912.83,5501.176,0,0,0,1,0,0
1966,7.846,350.553,4818.547,16294.02,5.976,328.741,19713.99,5829.917,0,0,0,1,0,0
1967,5.284,254.6,5073.147,16886.21,5.936,346.075,20557.08,6175.992,0,0,0,1,0,0
1968,7.261,368.355,5441.502,17831.69,7.068,436.512,21669.04,6612.504,0,0,0,1,0,0
1969,8.072,439.225,5880.727,18966.84,8.077,534.105,23049.63,7146.609,0,0,0,1,0,0
1970,5.664,333.108,6213.835,19683.24,-10.686,-763.709,20218.78,6382.9,0,0,0,1,0,0
1971,3.294,204.673,6418.509,19992.27,3.324,212.159,20542.19,6595.06,0,0,0,1,0,0
1972,1.782,114.385,6532.894,20019.9,0.941,62.075,20400.63,6657.135,0,0,0,1,0,0
1973,-0.173,-11.331,6521.562,19683.51,0.773,51.447,20247.97,6708.582,0,0,0,1,0,0
1974,-3.007,-196.073,6325.49,18810.57,-3.998,-268.178,19152.3,6440.404,0,0,0,1,0,0
1975,-7.2,-455.431,5870.059,17199.1,-6.187,-398.479,17702.67,6041.925,0,0,0,1,0,0
1976,1.847,108.413,5978.472,17263.36,-0.603,-36.462,17341.3,6005.463,0,0,0,1,0,0
1977,-1.28,-76.538,5901.934,16790.4,1.159,69.596,17282.92,6075.059,0,0,0,1,0,0
1978,1.052,62.077,5964.011,16705.16,-0.153,-9.286,16990.19,6065.773,0,0,0,1,0,0
1979,3.698,220.552,6184.562,17053.6,3.845,233.247,17369.21,6299.021,0,0,0,1,0,0
1980,-1.585,-98.033,6086.529,16513.68,-0.89,-56.045,16938.15,6242.976,0,0,0,1,0,0
1981,-2.004,-121.954,5964.575,15965.6,-0.909,-56.766,16558.86,6186.21,0,0,0,1,0,0
1982,-5.257,-313.582,5650.994,14925.4,-4.933,-305.196,15532.93,5881.014,0,0,0,1,0,0
1983,-5.549,-313.584,5337.409,13909.11,-8.405,-494.315,14037.55,5386.699,0,0,0,1,0,0
1984,6.843,365.263,5702.672,14665.57,8.085,435.5,14972.95,5822.198,0,0,0,1,0,0
1985,-2.591,-147.783,5554.89,14100.52,-3.747,-218.142,14225.33,5604.057,0,0,0,1,0,0
1986,-6.194,-344.061,5210.829,13058.25,-3.497,-195.972,13552.57,5408.084,0,0,0,1,0,0
1987,5.569,290.169,5500.998,13611.15,4.199,227.105,13943.19,5635.19,0,0,0,1,0,0
1988,5.093,280.154,5781.152,14119.2,4.595,258.946,14395.14,5894.136,0,0,0,1,0,0
1989,6.021,348.11,6129.262,14767.1,1.945,114.662,14476.87,6008.798,0,0,0,1,0,0
1990,0.039,2.369,6131.631,14544.57,2.972,178.562,14676.76,6187.361,0,0,0,1,0,0
1991,2.162,132.564,6264.195,14638.21,0.533,32.95,14535.66,6220.311,0,0,0,1,0,0
1992,3.451,216.161,6480.355,14907.54,2.239,139.299,14629.77,6359.61,0,0,0,1,0,0
1993,2.854,184.92,6665.275,15098.58,3.162,201.121,14861.76,6560.731,0,0,0,1,0,0
1994,2.754,183.546,6848.821,15285.16,5.082,333.437,15386.37,6894.168,0,0,0,1,0,0
1995,4.157,284.684,7133.505,15693.29,0.472,32.547,15238.37,6926.715,0,0,0,1,0,0
1996,1.929,137.583,7271.089,15774.97,1.54,106.651,15259.22,7033.366,0,0,0,1,0,0
1997,0.835,60.712,7331.801,15688.54,1.158,81.461,15224.26,7114.828,0,0,0,1,0,0
1998,-1.303,-95.54,7236.261,15275.4,1.911,135.942,15306.03,7250.77,0,0,0,1,0,0
1999,1.164,84.24,7320.5,15251.79,0.244,17.713,15143.41,7268.482,0,0,0,1,0,0
2000,4.408,322.697,7643.197,15714.96,2.188,159.043,15271.52,7427.525,0,0,0,1,0,0
2001,-4.085,-312.216,7330.981,14890.71,2.298,170.708,15433.55,7598.234,0,0,0,1,0,0
2002,3.898,285.787,7616.769,15292.65,-2.138,-162.417,14929.34,7435.817,0,0,0,1,0,0
2003,-1.309,-99.735,7517.033,14925.36,1.48,110.039,14982.59,7545.856,0,0,0,1,0,0
2004,0.692,52.041,7569.074,14862.48,-1.118,-84.325,14651.31,7461.531,0,0,0,1,0,0
2005,-0.447,-33.802,7535.271,14633.23,-0.335,-24.964,14441.55,7436.566,0,0,0,1,0,0
2006,-0.018,-1.339,7533.933,14472.0,3.033,225.531,14718.19,7662.098,0,0,0,1,0,0
2007,5.782,435.587,7969.52,15142.11,2.103,161.107,14864.11,7823.205,0,0,0,1,0,0
2008,0.771,61.465,8030.985,15095.65,2.046,160.026,15005.89,7983.231,0,0,0,1,0,0
2009,-1.127,-90.5,7940.485,14771.13,0.824,65.794,14973.04,8049.025,0,0,0,1,0,0
2010,4.403,349.65,8290.135,15265.8,1.536,123.648,15049.5,8172.674,0,0,0,1,0,0
2011,2.869,237.838,8527.973,15542.59,5.239,428.188,15675.44,8600.862,0,0,0,1,0,0
2012,3.736,318.632,8846.604,15956.05,3.444,296.209,16047.07,8897.071,0,0,0,1,0,0
2013,3.34,295.462,9142.066,16323.48,1.121,99.695,16064.04,8996.767,0,0,0,1,0,0
2014,2.29,209.327,9351.394,16536.9,6.035,542.974,16869.97,9539.74,0,0,0,1,0,0
2015,2.442,228.361,9579.755,16785.21,3.351,319.65,17275.17,9859.391,0,0,0,1,0,0
2016,0.012,1.175,9580.93,16633.32,-1.794,-176.842,16809.74,9682.549,0,0,0,1,0,0
2017,-0.035,-3.32,9577.609,16477.38,2.092,202.604,17006.48,9885.152,0,0,0,1,0,0
2018,9.622,921.582,10499.19,17920.86,10.316,1019.777,18613.41,10904.93,0,0,0,1,0,0
2019,3.216,337.624,10836.82,18352.02,7.282,794.135,19812.23,11699.06,0,0,0,1,0,0
2020,-2.108,-228.44,10608.38,17851.31,-1.91,-223.508,19310.56,11475.56,0,0,0,1,0,0
2021,1.009,107.08,10715.46,17945.13,2.85,327.071,19765.81,11802.63,0,0,0,1,0,0
2022,4.505,482.773,11198.23,18653.65,4.263,503.175,20498.61,12305.8,0,0,0,1,0,0
1965,12.596742690058477,96.79230409356725,0.029,1.674,4.823,0.059,73.172,1.289,0,0,0,0,1,0
1966,33.333,0.01,0.039,2.186,0.0,0.0,71.68,1.289,0,0,0,0,1,0
1967,0.0,0.0,0.039,2.145,-2.782,-0.036,68.375,1.253,0,0,0,0,1,0
1968,675.0,0.265,0.305,16.324,3.743,0.047,69.653,1.3,0,0,0,0,1,0
1969,1254.839,3.822,4.126,216.949,235.618,3.062,229.31,4.362,0,0,0,0,1,0
1970,336.553,13.888,18.014,924.73,296.734,12.942,888.263,17.304,0,0,0,0,1,0
1971,48.376,8.715,26.729,1334.915,49.253,8.523,1289.847,25.827,0,0,0,0,1,0
1972,44.822,11.98,38.709,1890.013,43.55,11.248,1810.173,37.074,0,0,0,0,1,0
1973,26.505,10.26,48.97,2348.35,26.958,9.995,2257.197,47.069,0,0,0,0,1,0
1974,16.206,7.936,56.905,2682.535,14.093,6.633,2531.522,53.702,0,0,0,0,1,0
1975,7.449,4.239,61.145,2838.948,7.389,3.968,2677.619,57.67,0,0,0,0,1,0
1976,26.597,16.263,77.407,3547.416,18.046,10.407,3119.836,68.077,0,0,0,0,1,0
1977,20.284,15.702,93.109,4215.009,14.236,9.691,3520.547,77.768,0,0,0,0,1,0
1978,5.365,4.995,98.104,4388.264,7.66,5.957,3745.095,83.725,0,0,0,0,1,0
1979,7.95,7.799,105.903,4681.122,15.109,12.65,4259.977,96.375,0,0,0,0,1,0
1980,12.711,13.461,119.364,5207.721,14.828,14.291,4828.221,110.666,0,0,0,0,1,0
1981,9.431,11.258,130.622,5613.601,8.384,9.279,5154.724,119.944,0,0,0,0,1,0
1982,4.429,5.785,136.407,5768.628,-2.471,-2.964,4947.084,116.981,0,0,0,0,1,0
1983,8.621,11.759,148.167,6170.663,8.629,10.094,5292.26,127.075,0,0,0,0,1,0
1984,2.832,4.196,152.362,6255.197,-1.383,-1.758,5144.865,125.317,0,0,0,0,1,0
1985,10.553,16.079,168.442,6818.146,6.891,8.635,5422.105,133.953,0,0,0,0,1,0
1986,11.579,19.505,187.946,7496.993,9.24,12.377,5836.933,146.329,0,0,0,0,1,0
1987,0.907,1.704,189.65,7449.033,2.095,3.065,5867.889,149.395,0,0,0,0,1,0
1988,3.952,7.495,197.145,7621.026,2.409,3.599,5914.247,152.993,0,0,0,0,1,0
1989,7.666,15.113,212.258,8074.916,15.741,24.082,6736.463,177.076,0,0,0,0,1,0
1990,-0.024,-0.05,212.208,7934.729,16.397,29.036,7706.77,206.111,0,0,0,0,1,0
1991,-1.433,-3.041,209.167,7685.862,4.684,9.654,7928.317,215.765,0,0,0,0,1,0
1992,3.999,8.364,217.531,7870.86,8.144,17.571,8442.739,233.336,0,0,0,0,1,0
1993,2.236,4.863,222.394,7931.666,4.501,10.503,8696.503,243.839,0,0,0,0,1,0
1994,7.169,15.944,238.338,8375.869,14.794,36.073,9836.916,279.912,0,0,0,0,1,0
1995,-0.122,-0.291,238.046,8235.332,5.733,16.048,10238.88,295.96,0,0,0,0,1,0
1996,3.216,7.655,245.701,8363.146,0.128,0.377,10086.67,296.337,0,0,0,0,1,0
1997,0.166,0.409,246.11,8245.808,0.013,0.039,9929.957,296.376,0,0,0,0,1,0
1998,-0.344,-0.845,245.265,8094.666,2.146,6.361,9991.475,302.737,0,0,0,0,1,0
1999,4.774,11.71,256.974,8355.927,1.45,4.388,9986.669,307.125,0,0,0,0,1,0
2000,2.852,7.329,264.303,8464.988,1.562,4.798,9990.134,311.923,0,0,0,0,1,0
2001,7.334,19.383,283.686,8944.878,4.645,14.49,10292.09,326.413,0,0,0,0,1,0
2002,1.284,3.644,287.33,8914.895,1.102,3.598,10239.16,330.012,0,0,0,0,1,0
2003,-4.442,-12.763,274.567,8381.971,2.255,7.441,10301.73,337.452,0,0,0,0,1,0
2004,0.25,0.687,275.254,8271.16,6.475,21.851,10796.76,359.303,0,0,0,0,1,0
2005,-1.849,-5.088,270.166,7989.919,6.415,23.05,11307.74,382.353,0,0,0,0,1,0
2006,10.149,27.419,297.585,8651.765,6.4,24.469,11827.65,406.822,0,0,0,0,1,0
2007,11.683,34.765,332.35,9483.758,5.086,20.69,12199.23,427.512,0,0,0,0,1,0
2008,-2.394,-7.956,324.395,9075.221,-2.499,-10.683,11661.15,416.829,0,0,0,0,1,0
2009,2.191,7.109,331.503,9095.086,12.031,50.147,12811.9,466.976,0,0,0,0,1,0
2010,8.845,29.321,360.824,9724.905,12.694,59.279,14183.58,526.255,0,0,0,0,1,0
2011,2.83,10.211,371.035,9833.834,3.47,18.26,14431.71,544.515,0,0,0,0,1,0
2012,1.741,6.46,377.495,9834.761,7.042,38.343,15185.02,582.858,0,0,0,0,1,0
2013,5.185,19.575,397.07,10166.21,3.93,22.908,15509.48,605.766,0,0,0,0,1,0
2014,7.781,30.897,427.967,10772.07,7.755,46.978,16429.78,652.744,0,0,0,0,1,0
2015,2.337,10.001,437.969,10839.83,13.824,90.233,18388.86,742.977,0,0,0,0,1,0
2016,-2.39,-10.468,427.5,10401.15,26.625,197.82,22889.75,940.797,0,0,0,0,1,0
2017,-1.108,-4.735,422.765,10109.82,17.235,162.149,26375.38,1102.946,0,0,0,0,1,0
2018,-1.38,-5.835,416.93,9800.897,15.51,171.072,29948.7,1274.019,0,0,0,0,1,0
2019,17.193,71.684,488.614,11290.01,14.678,187.005,33758.67,1461.024,0,0,0,0,1,0
2020,-3.676,-17.959,470.655,10712.84,-0.163,-2.384,33200.89,1458.64,0,0,0,0,1,0
2021,-6.975,-32.827,437.828,9840.593,1.616,23.572,33314.07,1482.212,0,0,0,0,1,0
2022,3.347,14.652,452.481,10046.45,3.1,45.942,33929.66,1528.153,0,0,0,0,1,0
1965,12.596742690058477,96.79230409356725,136.253,798.17,8.31,12.779,975.694,166.558,0,0,0,0,0,1
1966,5.962,8.124,144.377,824.372,6.031,10.045,1008.381,176.603,0,0,0,0,0,1
1967,7.572,10.933,155.309,864.901,7.599,13.42,1058.216,190.023,0,0,0,0,0,1
1968,5.066,7.868,163.178,886.782,7.311,13.892,1108.165,203.915,0,0,0,0,0,1
1969,3.339,5.449,168.627,894.718,5.818,11.863,1144.894,215.777,0,0,0,0,0,1
1970,0.13,0.219,168.846,875.091,-21.593,-46.592,876.848,169.185,0,0,0,0,0,1
1971,2.32,3.917,172.763,874.921,2.474,4.186,878.001,173.372,0,0,0,0,0,1
1972,5.952,10.282,183.046,905.96,5.751,9.97,907.427,183.342,0,0,0,0,0,1
1973,15.298,28.003,211.049,1020.974,16.057,29.44,1029.357,212.782,0,0,0,0,0,1
1974,7.008,14.79,225.839,1068.027,7.059,15.019,1077.305,227.801,0,0,0,0,0,1
1975,0.149,0.336,226.175,1045.888,0.585,1.334,1059.574,229.135,0,0,0,0,0,1
1976,17.181,38.859,265.034,1198.644,12.035,27.577,1161.004,256.712,0,0,0,0,0,1
1977,7.278,19.288,284.323,1257.517,7.524,19.314,1220.823,276.026,0,0,0,0,0,1
1978,2.259,6.424,290.747,1257.409,4.693,12.953,1249.765,288.979,0,0,0,0,0,1
1979,7.933,23.064,313.81,1327.151,3.964,11.456,1270.585,300.435,0,0,0,0,0,1
1980,5.883,18.46,332.27,1374.215,7.812,23.47,1339.619,323.905,0,0,0,0,0,1
1981,2.513,8.349,340.619,1377.875,2.671,8.652,1345.261,332.557,0,0,0,0,0,1
1982,10.018,34.123,374.743,1483.11,8.759,29.13,1431.442,361.687,0,0,0,0,0,1
1983,3.557,13.33,388.072,1502.988,9.619,34.791,1535.545,396.478,0,0,0,0,0,1
1984,8.271,32.096,420.168,1592.991,6.681,26.488,1603.599,422.966,0,0,0,0,0,1
1985,2.079,8.736,428.904,1592.541,2.064,8.728,1602.901,431.694,0,0,0,0,0,1
1986,8.637,37.046,465.95,1695.102,8.916,38.491,1710.51,470.185,0,0,0,0,0,1
1987,-0.181,-0.841,465.109,1658.451,-0.544,-2.56,1667.426,467.626,0,0,0,0,0,1
1988,7.834,36.436,501.544,1753.488,7.615,35.609,1759.398,503.234,0,0,0,0,0,1
1989,4.044,20.281,521.825,1789.515,4.585,23.072,1804.883,526.307,0,0,0,0,0,1
1990,3.553,18.543,540.368,1818.523,3.933,20.699,1840.863,547.006,0,0,0,0,0,1
1991,1.654,8.939,549.306,1815.279,3.946,21.584,1879.004,568.59,0,0,0,0,0,1
1992,3.521,19.339,568.645,1846.446,0.502,2.857,1855.542,571.447,0,0,0,0,0,1
1993,7.154,40.68,609.325,1944.849,5.887,33.641,1931.323,605.088,0,0,0,0,0,1
1994,4.172,25.424,634.749,1992.076,6.105,36.942,2014.925,642.03,0,0,0,0,0,1
1995,10.294,65.341,700.09,2161.129,9.876,63.405,2177.628,705.435,0,0,0,0,0,1
1996,10.468,73.283,773.373,2349.254,10.193,71.904,2361.302,777.339,0,0,0,0,0,1
1997,1.355,10.476,783.848,2343.946,0.726,5.647,2341.365,782.985,0,0,0,0,0,1
1998,7.898,61.911,845.759,2490.582,6.333,49.588,2451.753,832.574,0,0,0,0,0,1
1999,-2.197,-18.584,827.176,2399.936,-0.665,-5.535,2399.539,827.039,0,0,0,0,0,1
2000,5.828,48.211,875.387,2503.721,5.498,45.467,2495.479,872.505,0,0,0,0,0,1
2001,3.935,34.444,909.83,2566.697,4.096,35.739,2562.224,908.245,0,0,0,0,0,1
2002,0.232,2.109,911.94,2538.969,0.54,4.904,2542.335,913.148,0,0,0,0,0,1
2003,3.485,31.777,943.716,2594.727,2.712,24.763,2578.768,937.912,0,0,0,0,0,1
2004,12.306,116.135,1059.851,2879.038,12.751,119.596,2872.673,1057.508,0,0,0,0,0,1
2005,2.947,31.239,1091.09,2929.081,2.72,28.766,2916.152,1086.274,0,0,0,0,0,1
2006,6.371,69.515,1160.605,3080.258,6.023,65.429,3056.631,1151.703,0,0,0,0,0,1
2007,2.555,29.658,1190.263,3124.329,2.769,31.886,3106.812,1183.59,0,0,0,0,0,1
2008,0.63,7.504,1197.767,3110.83,0.84,9.938,3099.818,1193.527,0,0,0,0,0,1
2009,-4.556,-54.568,1143.199,2938.474,-5.636,-67.268,2894.93,1126.259,0,0,0,0,0,1
2010,8.534,97.556,1240.755,3156.509,5.732,64.561,3029.473,1190.82,0,0,0,0,0,1
2011,3.89,48.271,1289.026,3245.811,4.571,54.427,3135.576,1245.247,0,0,0,0,0,1
2012,7.313,94.26,1383.286,3448.155,5.09,63.386,3262.068,1308.634,0,0,0,0,0,1
2013,3.639,50.34,1433.626,3538.524,2.548,33.347,3312.321,1341.98,0,0,0,0,0,1
2014,3.53,50.611,1484.237,3627.798,2.269,30.445,3354.505,1372.425,0,0,0,0,0,1
2015,4.135,61.374,1545.61,3741.18,3.204,43.971,3428.413,1416.396,0,0,0,0,0,1
2016,-0.685,-10.591,1535.02,3680.204,2.904,41.135,3494.425,1457.531,0,0,0,0,0,1
2017,0.46,7.066,1542.086,3663.062,1.851,26.984,3526.309,1484.515,0,0,0,0,0,1
2018,-4.445,-68.553,1473.532,3469.251,-5.145,-76.377,3315.287,1408.138,0,0,0,0,0,1
2019,-5.01,-73.82,1399.713,3267.927,-3.091,-43.532,3185.961,1364.605,0,0,0,0,0,1
2020,-9.049,-126.655,1273.058,2950.102,-8.227,-112.268,2902.084,1252.337,0,0,0,0,0,1
2021,14.837,188.887,1461.945,3366.565,5.469,68.495,3041.609,1320.831,0,0,0,0,0,1
2022,-3.754,-54.879,1407.066,3221.182,2.5,33.026,3099.373,1353.858,0,0,0,0,0,1
